trilha	tema	arquivo	main_mudou_depois	pr_em_voo	blocos_planejados	commits_demo
espera	T1-seeds-da-demo	scripts/demo-seed/01-cadastros-e-precos.mjs	-	-	B-SAN3-05*,B-SAN3-18*	43886901
espera	T1-seeds-da-demo	scripts/demo-seed/02-operacoes.mjs	-	-	B-SAN3-05*,B-SAN3-18*	9d406ca4
espera	T1-seeds-da-demo	scripts/demo-seed/03-financeiro.mjs	-	-	B-SAN3-05*,B-SAN3-18*	9d406ca4
espera	T1-seeds-da-demo	scripts/demo-seed/04-frota.mjs	-	-	B-SAN3-05*,B-SAN3-18*	02ee543f
espera	T1-seeds-da-demo	scripts/demo-seed/10-vistorias-de-recepcao.mjs	-	-	B-SAN3-05*,B-SAN3-18*	c189518b
espera	T1-seeds-da-demo	scripts/demo-seed/11-polimento-visivel.mjs	-	-	B-SAN3-05*,B-SAN3-18*	c189518b
espera	T1-seeds-da-demo	scripts/seed-demo-dossie.mjs	-	-	B-SAN3-05*,B-SAN3-18*	69d98bc2
espera	T1-seeds-da-demo	scripts/seed-demo-financeiro.mjs	-	-	B-SAN3-05*,B-SAN3-18*	69d98bc2
espera	T1-seeds-da-demo	scripts/seed-demo-os.mjs	-	-	B-SAN3-05*,B-SAN3-18*	69d98bc2
espera	T1-seeds-da-demo	scripts/seed-demo-patios.mjs	-	-	B-SAN3-05*,B-SAN3-18*	69d98bc2
espera	T1-seeds-da-demo	scripts/seed-demo-polimento.mjs	-	-	B-SAN3-05*,B-SAN3-18*	2d8d38d9,69d98bc2
espera	T1-seeds-da-demo	scripts/seed-demo-precos.mjs	-	-	B-SAN3-05*,B-SAN3-18*	69d98bc2
espera	T3-patios-e-dossie	frontend/src/modules/patios/auction/components/AuctionStatePanel.tsx	-	-	B-SAN3-06a,B-SAN3-21*	d4d0f691
espera	T3-patios-e-dossie	frontend/src/modules/patios/auction/pages/LeiloesPage.tsx	-	-	B-SAN3-06a,B-SAN3-21*	d4d0f691
espera	T3-patios-e-dossie	frontend/src/modules/patios/charges/components/GuiaDebitos.tsx	-	-	B-SAN3-06a,B-SAN3-21*	d4d0f691
espera	T3-patios-e-dossie	frontend/src/modules/patios/dashboard/components/ArrecadacaoCard.tsx	-	-	B-SAN3-06a,B-SAN3-21*	70e87920
espera	T3-patios-e-dossie	frontend/src/modules/patios/dashboard/components/OcupacaoPorPatioCard.tsx	-	-	B-SAN3-06a,B-SAN3-21*	d4d0f691,70e87920
espera	T3-patios-e-dossie	frontend/src/modules/patios/dashboard/components/PainelKpiBand.tsx	-	-	B-SAN3-06a,B-SAN3-21*	70e87920
espera	T3-patios-e-dossie	frontend/src/modules/patios/dashboard/components/PainelPatiosView.tsx	-	-	B-SAN3-06a,B-SAN3-21*	70e87920
espera	T3-patios-e-dossie	frontend/src/modules/patios/dashboard/components/PrazosCard.tsx	-	-	B-SAN3-06a,B-SAN3-21*	d4d0f691,70e87920
espera	T3-patios-e-dossie	frontend/src/modules/patios/dashboard/components/ProcessosPorFaseCard.tsx	-	-	B-SAN3-06a,B-SAN3-21*	70e87920
espera	T3-patios-e-dossie	frontend/src/modules/patios/dashboard/dashboard.adapter.ts	-	-	B-SAN3-06a,B-SAN3-21*	70e87920
espera	T3-patios-e-dossie	frontend/src/modules/patios/dashboard/dashboard.view-model.ts	-	-	B-SAN3-06a,B-SAN3-21*	70e87920
espera	T3-patios-e-dossie	frontend/src/modules/patios/processes/components/ChecklistRunsPanel.tsx	-	-	B-SAN3-06a,B-SAN3-11,B-SAN3-21*	d4d0f691
espera	T3-patios-e-dossie	frontend/src/modules/patios/processes/components/CustodyHistoryPanel.tsx	-	-	B-SAN3-06a,B-SAN3-11,B-SAN3-21*	d4d0f691
espera	T3-patios-e-dossie	frontend/src/modules/patios/processes/components/VehicleDossieModal.tsx	-	-	B-SAN3-06a,B-SAN3-11,B-SAN3-21*	c189518b
espera	T3-patios-e-dossie	frontend/src/modules/patios/processes/pages/ProcessosPage.tsx	-	-	B-SAN3-06a,B-SAN3-11,B-SAN3-21*	d4d0f691
espera	T3-patios-e-dossie	frontend/src/modules/patios/profiles/pages/PerfisPage.tsx	-	-	B-SAN3-06a,B-SAN3-21*	d4d0f691
espera	T3-patios-e-dossie	frontend/src/modules/patios/release/pages/LiberacoesPage.tsx	-	-	B-SAN3-06a,B-SAN3-21*	d4d0f691
espera	T3-patios-e-dossie	frontend/src/modules/patios/settlement/components/CascataTable.tsx	-	-	B-SAN3-06a,B-SAN3-21*	d4d0f691
espera	T3-patios-e-dossie	frontend/src/modules/patios/yards/pages/PatiosPage.tsx	-	-	B-SAN3-06a,B-SAN3-21*	d4d0f691
espera	T4-precos-web	frontend/src/modules/registry/price-tables/pages/TabelasValoresPage.tsx	-	-	B-SAN3-06a,B-SAN3-21*	d4d0f691,9b922f5d
espera	T4-precos-web	frontend/src/modules/registry/price-tables/price-tables.adapter.ts	-	-	B-SAN3-06a,B-SAN3-21*	9b922f5d
espera	T4-precos-web	frontend/src/modules/registry/price-tables/price-tables.types.ts	-	-	B-SAN3-06a,B-SAN3-21*	9b922f5d
espera	T5-web-visual-e-listas	frontend/src/components/TablePage.tsx	-	-	B-SAN3-21*	2720816c
espera	T5-web-visual-e-listas	frontend/src/components/dense-list/DenseTable.tsx	-	-	B-SAN3-21*	d4d0f691
espera	T5-web-visual-e-listas	frontend/src/components/ui/index.tsx	-	-	B-SAN3-21*	c189518b,d4d0f691
espera	T5-web-visual-e-listas	frontend/src/lib/money.ts	-	-	B-SAN3-21*	2720816c
espera	T5-web-visual-e-listas	frontend/src/modules/audit/pages/AuditTenantPage.tsx	-	-	B-SAN3-06a,B-SAN3-21*	d4d0f691
espera	T5-web-visual-e-listas	frontend/src/modules/checklists/pages/TenantChecklistsPage.tsx	-	-	B-SAN3-06a,B-SAN3-21*,B-SAN3-22	d4d0f691
espera	T5-web-visual-e-listas	frontend/src/modules/finance/commissions/components/CommissionDetailDrawer.tsx	-	-	B-SAN3-06a,B-SAN3-12,B-SAN3-21*,B-SAN3-24	d4d0f691
espera	T5-web-visual-e-listas	frontend/src/modules/finance/commissions/components/ConferenciaRemuneracoesView.tsx	-	-	B-SAN3-06a,B-SAN3-12,B-SAN3-21*,B-SAN3-24	d4d0f691
espera	T5-web-visual-e-listas	frontend/src/modules/finance/commissions/pages/RemuneracoesPage.tsx	-	-	B-SAN3-06a,B-SAN3-12,B-SAN3-21*,B-SAN3-24	d4d0f691
espera	T5-web-visual-e-listas	frontend/src/modules/finance/pages/FinanceiroPage.tsx	-	-	B-SAN3-06a,B-SAN3-12,B-SAN3-21*	2720816c
espera	T5-web-visual-e-listas	frontend/src/modules/fleet/damages/pages/DanosPage.tsx	-	-	B-SAN3-06a,B-SAN3-21*	d4d0f691
espera	T5-web-visual-e-listas	frontend/src/modules/fleet/fines/pages/MultasPage.tsx	-	-	B-SAN3-06a,B-SAN3-21*	d4d0f691
espera	T5-web-visual-e-listas	frontend/src/modules/fleet/fuel/pages/AbastecimentoPage.tsx	-	-	B-SAN3-06a,B-SAN3-21*	d4d0f691
espera	T5-web-visual-e-listas	frontend/src/modules/fleet/insurance/pages/SegurosPage.tsx	-	-	B-SAN3-06a,B-SAN3-21*	d4d0f691
espera	T5-web-visual-e-listas	frontend/src/modules/fleet/maintenance/components/MaintenanceItemsSection.tsx	-	-	B-SAN3-06a,B-SAN3-21*	d4d0f691
espera	T5-web-visual-e-listas	frontend/src/modules/fleet/maintenance/pages/ManutencaoPage.tsx	-	-	B-SAN3-06a,B-SAN3-21*	d4d0f691
espera	T5-web-visual-e-listas	frontend/src/modules/inventory/pages/EstoquePage.tsx	-	-	B-SAN3-06a,B-SAN3-21*	d4d0f691
espera	T5-web-visual-e-listas	frontend/src/modules/notifications/components/NotificationCard.tsx	-	-	B-SAN3-06a,B-SAN3-21*	d4d0f691
espera	T5-web-visual-e-listas	frontend/src/modules/operations/dispatches/components/DispatchesTable.tsx	-	-	B-SAN3-06a,B-SAN3-21*	d4d0f691
espera	T5-web-visual-e-listas	frontend/src/modules/platform/cloud-billing/pages/PlatformCloudBillingPage.tsx	-	-	B-SAN3-06a,B-SAN3-06b,B-SAN3-21*	2720816c
espera	T5-web-visual-e-listas	frontend/src/modules/platform/pages/PlatformOverviewPage.tsx	-	-	B-SAN3-06a,B-SAN3-06b,B-SAN3-21*	d4d0f691
espera	T5-web-visual-e-listas	frontend/src/modules/platform/pages/PlatformPlansModulesPage.tsx	-	-	B-SAN3-06a,B-SAN3-06b,B-SAN3-21*	2720816c
espera	T5-web-visual-e-listas	frontend/src/modules/platform/pages/PlatformTenantsPage.tsx	-	-	B-SAN3-06a,B-SAN3-06b,B-SAN3-21*	d4d0f691
espera	T5-web-visual-e-listas	frontend/src/modules/registry/branches/pages/FiliaisPage.tsx	-	-	B-SAN3-06a,B-SAN3-21*	d4d0f691
espera	T5-web-visual-e-listas	frontend/src/modules/registry/customers/pages/ClientesPage.tsx	-	-	B-SAN3-06a,B-SAN3-21*	d4d0f691
espera	T5-web-visual-e-listas	frontend/src/modules/registry/operator-profiles/pages/ProfissionaisPage.tsx	-	-	B-SAN3-06a,B-SAN3-21*	d4d0f691
espera	T5-web-visual-e-listas	frontend/src/modules/registry/pois/pages/PontosInteressePage.tsx	-	-	B-SAN3-06a,B-SAN3-21*	d4d0f691
espera	T5-web-visual-e-listas	frontend/src/modules/registry/service-catalog/pages/ServicosPage.tsx	-	-	B-SAN3-06a,B-SAN3-21*	d4d0f691
espera	T5-web-visual-e-listas	frontend/src/modules/registry/service-catalog/service-catalog.adapter.ts	-	-	B-SAN3-06a,B-SAN3-21*	2720816c
espera	T5-web-visual-e-listas	frontend/src/modules/registry/suppliers/pages/FornecedoresPage.tsx	-	-	B-SAN3-06a,B-SAN3-21*	d4d0f691
espera	T5-web-visual-e-listas	frontend/src/modules/registry/tags/pages/TagsPage.tsx	-	-	B-SAN3-06a,B-SAN3-21*	d4d0f691
espera	T5-web-visual-e-listas	frontend/src/modules/registry/tariffs/pages/TarifasPage.tsx	-	-	B-SAN3-06a,B-SAN3-21*	d4d0f691
espera	T5-web-visual-e-listas	frontend/src/modules/registry/teams/pages/EquipesPage.tsx	-	-	B-SAN3-06a,B-SAN3-21*	d4d0f691
espera	T5-web-visual-e-listas	frontend/src/modules/registry/vehicles/pages/ViaturasPage.tsx	-	-	B-SAN3-06a,B-SAN3-21*	d4d0f691
espera	T5-web-visual-e-listas	frontend/src/modules/users/pages/UsersPage.tsx	-	-	B-SAN3-06a,B-SAN3-21*	d4d0f691
espera	T5-web-visual-e-listas	frontend/src/modules/work-orders/components/WorkOrderRowActions.tsx	-	-	B-SAN3-06a,B-SAN3-21*,B-SAN3-25	d4d0f691
espera	T5-web-visual-e-listas	frontend/src/modules/work-orders/components/WorkOrdersTable.tsx	-	-	B-SAN3-06a,B-SAN3-21*,B-SAN3-25	d4d0f691
espera	T5-web-visual-e-listas	frontend/src/modules/work-orders/components/tabs/GeneralInfoTab.tsx	main-mudou	-	B-SAN3-06a,B-SAN3-21*,B-SAN3-25	2720816c
espera	T5-web-visual-e-listas	frontend/src/modules/work-orders/components/tabs/QuoteTab.tsx	-	-	B-SAN3-06a,B-SAN3-08,B-SAN3-21*,B-SAN3-25	2720816c
espera	T5-web-visual-e-listas	frontend/src/modules/work-orders/pages/ApprovalsPage.tsx	-	-	B-SAN3-06a,B-SAN3-21*,B-SAN3-25	d4d0f691,2720816c
espera	T5-web-visual-e-listas	frontend/src/modules/work-orders/pages/WorkOrdersPage.tsx	main-mudou	-	B-SAN3-01b,B-SAN3-06a,B-SAN3-21*,B-SAN3-25	d4d0f691,2720816c
espera	T5-web-visual-e-listas	frontend/src/modules/work-orders/work-orders-tone.ts	-	-	B-SAN3-06a,B-SAN3-21*,B-SAN3-25	2720816c
espera	T5-web-visual-e-listas	frontend/src/styles/app.css	-	-	B-SAN3-21*	c189518b,d4d0f691,2720816c
espera	T5-web-visual-e-listas	frontend/src/styles/tokens/tokens.css	-	-	B-SAN3-21*	2720816c
espera	T6-clique-na-linha	frontend/src/components/ui/clickable-row.tsx	-	-	B-SAN3-21*	d4d0f691
espera	T6-clique-na-linha	frontend/tests/work-orders-row-actions.test.tsx	main-mudou	-	-	d4d0f691
espera	T8-app-de-campo	mobile/flutter_app/lib/app/router.dart	-	-	B-SAN3-14,B-SAN3-15,B-SAN3-17	8af07948
espera	T8-app-de-campo	mobile/flutter_app/lib/core/auth/auth_notifier.dart	-	-	B-O6R-03b	8af07948
espera	T8-app-de-campo	mobile/flutter_app/lib/core/location/device_location_provider.dart	-	-	B-SAN3-17	8af07948
espera	T8-app-de-campo	mobile/flutter_app/lib/core/location/field_location_service.dart	-	-	B-SAN3-17	8af07948
espera	T8-app-de-campo	mobile/flutter_app/lib/core/location/geolocator_device_location_provider.dart	-	-	B-SAN3-17	8af07948
espera	T8-app-de-campo	mobile/flutter_app/lib/core/sync/approval_state.dart	-	-	B-O6R-04b	8af07948
espera	T8-app-de-campo	mobile/flutter_app/lib/core/sync/auto_sync_coordinator.dart	-	-	B-O6R-04b	8af07948
espera	T8-app-de-campo	mobile/flutter_app/lib/core/sync/sync_engine.dart	-	-	B-O6R-04b	8af07948
espera	T8-app-de-campo	mobile/flutter_app/lib/core/sync/sync_replay_service.dart	-	-	B-O6R-04b,B-SAN3-16	8af07948
espera	T8-app-de-campo	mobile/flutter_app/lib/features/expenses/data/expense_repository.dart	-	-	B-O6R-03b	8af07948
espera	T8-app-de-campo	mobile/flutter_app/lib/features/expenses/domain/expense_models.dart	-	-	B-O6R-03b	8af07948
espera	T8-app-de-campo	mobile/flutter_app/lib/features/expenses/ui/expense_list_screen.dart	-	-	B-O6R-03b	8af07948
espera	T8-app-de-campo	mobile/flutter_app/lib/features/expenses/ui/expense_report_detail_screen.dart	-	-	B-O6R-03b	8af07948
espera	T8-app-de-campo	mobile/flutter_app/lib/features/expenses/ui/expense_submit_screen.dart	-	-	B-O6R-03b	8af07948
espera	T8-app-de-campo	mobile/flutter_app/lib/features/expenses/ui/new_expense_item_screen.dart	-	-	B-O6R-03b	8af07948
espera	T8-app-de-campo	mobile/flutter_app/lib/features/expenses/ui/new_expense_report_screen.dart	-	-	B-O6R-03b	8af07948
espera	T8-app-de-campo	mobile/flutter_app/lib/features/inventory/data/inventory_repository.dart	-	-	B-O6R-04b	8af07948
espera	T8-app-de-campo	mobile/flutter_app/lib/features/inventory/domain/inventory_models.dart	-	-	B-O6R-04b	8af07948
espera	T8-app-de-campo	mobile/flutter_app/lib/features/inventory/ui/inventory_list_screen.dart	-	-	B-O6R-04b	8af07948
espera	T8-app-de-campo	mobile/flutter_app/lib/features/inventory/ui/stock_entry_screen.dart	-	-	B-O6R-04b	8af07948
espera	T8-app-de-campo	mobile/flutter_app/lib/features/inventory/ui/stock_exit_screen.dart	-	-	B-O6R-04b	8af07948
espera	T8-app-de-campo	mobile/flutter_app/lib/features/prestador/data/prestador_repository.dart	-	#388	B-O6R-11,B-SAN3-15	8af07948
espera	T8-app-de-campo	mobile/flutter_app/lib/features/prestador/ui/prestador_service_screen.dart	-	-	B-SAN3-15	8af07948
espera	T8-app-de-campo	mobile/flutter_app/lib/features/prestador/ui/technician_stock_screen.dart	-	-	B-SAN3-15	8af07948
espera	T8-app-de-campo	mobile/flutter_app/lib/features/work_orders/data/work_order_conflict_resolution_service.dart	-	-	B-SAN3-13	8af07948
espera	T8-app-de-campo	mobile/flutter_app/lib/features/work_orders/data/work_order_remote_api.dart	-	#388	B-O6R-11,B-SAN3-13	8af07948
espera	T8-app-de-campo	mobile/flutter_app/lib/features/work_orders/data/work_order_repository.dart	-	-	B-SAN3-13,B-SAN3-16	8af07948
espera	T8-app-de-campo	mobile/flutter_app/lib/features/work_orders/domain/work_order_steps.dart	-	-	B-SAN3-14	8af07948
espera	T8-app-de-campo	mobile/flutter_app/lib/features/work_orders/ui/new_work_order_screen.dart	-	-	B-SAN3-15	8af07948
espera	T8-app-de-campo	mobile/flutter_app/lib/features/work_orders/ui/work_order_approval_request_screen.dart	-	-	B-SAN3-15	8af07948
espera	T8-app-de-campo	mobile/flutter_app/lib/features/work_orders/ui/work_order_conclusion_screen.dart	-	-	B-SAN3-15	21cdddfa,8af07948
espera	T8-app-de-campo	mobile/flutter_app/lib/features/work_orders/ui/work_order_detail_screen.dart	-	-	B-SAN3-15,B-SAN3-26	fbabe184,8af07948
espera	T8-app-de-campo	mobile/flutter_app/lib/features/work_orders/ui/work_order_execute_screen.dart	-	-	B-SAN3-14,B-SAN3-15	8af07948
espera	T8-app-de-campo	mobile/flutter_app/lib/features/work_orders/ui/work_order_list_screen.dart	-	-	B-SAN3-15	8af07948
espera	T8-app-de-campo	mobile/flutter_app/lib/features/work_orders/ui/work_order_operational_map_screen.dart	-	-	B-SAN3-15	8af07948
espera	T8-app-de-campo	mobile/flutter_app/lib/features/work_orders/ui/work_order_stepper.dart	-	-	B-SAN3-15	36ff8f54,8af07948
espera	T8-app-de-campo	mobile/flutter_app/lib/shared/ui/erp_components.dart	-	-	B-SAN3-19	8af07948
espera	T8-app-de-campo	mobile/flutter_app/lib/shared/ui/erp_scaffold.dart	-	-	B-SAN3-19	8af07948
espera	T8-app-de-campo	mobile/flutter_app/lib/shared/ui/home_screen.dart	-	-	B-SAN3-13,B-SAN3-17,B-SAN3-19	fbabe184,8af07948
espera	T8-app-de-campo	mobile/flutter_app/lib/shared/ui/mobile_kit.dart	-	-	B-SAN3-19	21cdddfa
espera	T8-app-de-campo	mobile/flutter_app/lib/shared/ui/module_placeholder_screen.dart	-	-	B-SAN3-19	8af07948
espera	T8-app-de-campo	mobile/flutter_app/lib/shared/ui/profile_screen.dart	-	-	B-SAN3-19	8af07948
espera	T8-app-de-campo	mobile/flutter_app/lib/shared/ui/sync_screen.dart	-	-	B-SAN3-19	8af07948
espera	T8-app-de-campo	mobile/flutter_app/test/features/b099_real_work_orders_pull_test.dart	-	#388	-	8af07948
espera	T8-app-de-campo	mobile/flutter_app/test/features/b121_mobile_hardening_test.dart	-	#388	-	8af07948
livre	T2-videos-e-assets-da-demo	docs/demo-fluxos/README.md	-	-	-	8af07948
livre	T2-videos-e-assets-da-demo	docs/demo-fluxos/assets/espelho.css	-	-	-	50b828e7,8af07948,90d82890
livre	T2-videos-e-assets-da-demo	docs/demo-fluxos/assets/espelho.js	-	-	-	50b828e7,8af07948,90d82890
livre	T2-videos-e-assets-da-demo	docs/demo-fluxos/assets/film.css	-	-	-	90d82890
livre	T2-videos-e-assets-da-demo	docs/demo-fluxos/assets/fluxo1.js	-	-	-	50b828e7,d4d0f691,8af07948
livre	T2-videos-e-assets-da-demo	docs/demo-fluxos/assets/fluxo2.js	-	-	-	90d82890
livre	T2-videos-e-assets-da-demo	docs/demo-fluxos/assets/fluxo3.js	-	-	-	50b828e7,d4d0f691
livre	T2-videos-e-assets-da-demo	docs/demo-fluxos/assets/fluxo4.js	-	-	-	50b828e7,d4d0f691
livre	T2-videos-e-assets-da-demo	docs/demo-fluxos/assets/hub.js	-	-	-	90d82890
livre	T2-videos-e-assets-da-demo	docs/demo-fluxos/assets/vistoria/bus-back.png	-	-	-	90d82890
livre	T2-videos-e-assets-da-demo	docs/demo-fluxos/assets/vistoria/bus-front.png	-	-	-	90d82890
livre	T2-videos-e-assets-da-demo	docs/demo-fluxos/assets/vistoria/bus-left.png	-	-	-	90d82890
livre	T2-videos-e-assets-da-demo	docs/demo-fluxos/assets/vistoria/bus-right.png	-	-	-	90d82890
livre	T2-videos-e-assets-da-demo	docs/demo-fluxos/assets/vistoria/motorcycle-back.png	-	-	-	90d82890
livre	T2-videos-e-assets-da-demo	docs/demo-fluxos/assets/vistoria/motorcycle-front.png	-	-	-	90d82890
livre	T2-videos-e-assets-da-demo	docs/demo-fluxos/assets/vistoria/motorcycle-left.png	-	-	-	90d82890
livre	T2-videos-e-assets-da-demo	docs/demo-fluxos/assets/vistoria/motorcycle-right.png	-	-	-	90d82890
livre	T2-videos-e-assets-da-demo	docs/demo-fluxos/assets/vistoria/pickup-back.png	-	-	-	90d82890
livre	T2-videos-e-assets-da-demo	docs/demo-fluxos/assets/vistoria/pickup-front.png	-	-	-	90d82890
livre	T2-videos-e-assets-da-demo	docs/demo-fluxos/assets/vistoria/pickup-left.png	-	-	-	90d82890
livre	T2-videos-e-assets-da-demo	docs/demo-fluxos/assets/vistoria/pickup-right.png	-	-	-	90d82890
livre	T2-videos-e-assets-da-demo	docs/demo-fluxos/assets/vistoria/sedan-back.png	-	-	-	90d82890
livre	T2-videos-e-assets-da-demo	docs/demo-fluxos/assets/vistoria/sedan-front.png	-	-	-	90d82890
livre	T2-videos-e-assets-da-demo	docs/demo-fluxos/assets/vistoria/sedan-left.png	-	-	-	90d82890
livre	T2-videos-e-assets-da-demo	docs/demo-fluxos/assets/vistoria/sedan-right.png	-	-	-	90d82890
livre	T2-videos-e-assets-da-demo	docs/demo-fluxos/assets/vistoria/truck-back.png	-	-	-	90d82890
livre	T2-videos-e-assets-da-demo	docs/demo-fluxos/assets/vistoria/truck-front.png	-	-	-	90d82890
livre	T2-videos-e-assets-da-demo	docs/demo-fluxos/assets/vistoria/truck-left.png	-	-	-	90d82890
livre	T2-videos-e-assets-da-demo	docs/demo-fluxos/assets/vistoria/truck-right.png	-	-	-	90d82890
livre	T2-videos-e-assets-da-demo	docs/demo-fluxos/assets/vistoria/van-back.png	-	-	-	90d82890
livre	T2-videos-e-assets-da-demo	docs/demo-fluxos/assets/vistoria/van-front.png	-	-	-	90d82890
livre	T2-videos-e-assets-da-demo	docs/demo-fluxos/assets/vistoria/van-left.png	-	-	-	90d82890
livre	T2-videos-e-assets-da-demo	docs/demo-fluxos/assets/vistoria/van-right.png	-	-	-	90d82890
livre	T2-videos-e-assets-da-demo	docs/demo-fluxos/build.mjs	-	-	-	90d82890
livre	T2-videos-e-assets-da-demo	docs/demo-fluxos/dados-reais.json	-	-	-	90d82890
livre	T2-videos-e-assets-da-demo	docs/demo-fluxos/espelho.html	-	-	-	90d82890
livre	T2-videos-e-assets-da-demo	docs/demo-fluxos/fluxo-1-chamado.html	-	-	-	8af07948
livre	T2-videos-e-assets-da-demo	docs/demo-fluxos/fluxo-2-checklist.html	-	-	-	90d82890
livre	T2-videos-e-assets-da-demo	docs/demo-fluxos/fluxo-3-patio.html	-	-	-	d4d0f691
livre	T2-videos-e-assets-da-demo	docs/demo-fluxos/fluxo-4-dinheiro.html	-	-	-	d4d0f691
livre	T2-videos-e-assets-da-demo	docs/demo-fluxos/fundamentacao/F1.json	-	-	-	90d82890
livre	T2-videos-e-assets-da-demo	docs/demo-fluxos/fundamentacao/F2.json	-	-	-	90d82890
livre	T2-videos-e-assets-da-demo	docs/demo-fluxos/fundamentacao/F3.json	-	-	-	90d82890
livre	T2-videos-e-assets-da-demo	docs/demo-fluxos/fundamentacao/F4.json	-	-	-	90d82890
livre	T2-videos-e-assets-da-demo	docs/demo-fluxos/index.html	-	-	-	8af07948
livre	T2-videos-e-assets-da-demo	docs/demo-fluxos/snapshot-api.json	-	-	-	50b828e7,90d82890
livre	T2-videos-e-assets-da-demo	docs/demo-fluxos/src/comum.jsx	-	-	-	90d82890
livre	T2-videos-e-assets-da-demo	docs/demo-fluxos/src/engine.jsx	-	-	-	90d82890
livre	T2-videos-e-assets-da-demo	docs/demo-fluxos/src/espelho.jsx	-	-	-	90d82890
livre	T2-videos-e-assets-da-demo	docs/demo-fluxos/src/fluxo1.jsx	-	-	-	50b828e7,d4d0f691,8af07948
livre	T2-videos-e-assets-da-demo	docs/demo-fluxos/src/fluxo2.jsx	-	-	-	90d82890
livre	T2-videos-e-assets-da-demo	docs/demo-fluxos/src/fluxo3.jsx	-	-	-	50b828e7,d4d0f691
livre	T2-videos-e-assets-da-demo	docs/demo-fluxos/src/fluxo4.jsx	-	-	-	50b828e7,d4d0f691
livre	T2-videos-e-assets-da-demo	docs/demo-fluxos/src/hub.jsx	-	-	-	90d82890
livre	T2-videos-e-assets-da-demo	docs/demo-fluxos/src/interceptar.js	-	-	-	90d82890
livre	T2-videos-e-assets-da-demo	docs/demo-fluxos/src/kit.jsx	-	-	-	90d82890
livre	T2-videos-e-assets-da-demo	docs/demo-fluxos/src/player.jsx	-	-	-	90d82890
livre	T2-videos-e-assets-da-demo	frontend/public/demo/vistoria/bus-back.png	-	-	-	69d98bc2
livre	T2-videos-e-assets-da-demo	frontend/public/demo/vistoria/bus-front.png	-	-	-	69d98bc2
livre	T2-videos-e-assets-da-demo	frontend/public/demo/vistoria/bus-left.png	-	-	-	69d98bc2
livre	T2-videos-e-assets-da-demo	frontend/public/demo/vistoria/bus-right.png	-	-	-	69d98bc2
livre	T2-videos-e-assets-da-demo	frontend/public/demo/vistoria/motorcycle-back.png	-	-	-	69d98bc2
livre	T2-videos-e-assets-da-demo	frontend/public/demo/vistoria/motorcycle-front.png	-	-	-	69d98bc2
livre	T2-videos-e-assets-da-demo	frontend/public/demo/vistoria/motorcycle-left.png	-	-	-	69d98bc2
livre	T2-videos-e-assets-da-demo	frontend/public/demo/vistoria/motorcycle-right.png	-	-	-	69d98bc2
livre	T2-videos-e-assets-da-demo	frontend/public/demo/vistoria/pickup-back.png	-	-	-	69d98bc2
livre	T2-videos-e-assets-da-demo	frontend/public/demo/vistoria/pickup-front.png	-	-	-	69d98bc2
livre	T2-videos-e-assets-da-demo	frontend/public/demo/vistoria/pickup-left.png	-	-	-	69d98bc2
livre	T2-videos-e-assets-da-demo	frontend/public/demo/vistoria/pickup-right.png	-	-	-	69d98bc2
livre	T2-videos-e-assets-da-demo	frontend/public/demo/vistoria/sedan-back.png	-	-	-	69d98bc2
livre	T2-videos-e-assets-da-demo	frontend/public/demo/vistoria/sedan-front.png	-	-	-	69d98bc2
livre	T2-videos-e-assets-da-demo	frontend/public/demo/vistoria/sedan-left.png	-	-	-	69d98bc2
livre	T2-videos-e-assets-da-demo	frontend/public/demo/vistoria/sedan-right.png	-	-	-	69d98bc2
livre	T2-videos-e-assets-da-demo	frontend/public/demo/vistoria/truck-back.png	-	-	-	69d98bc2
livre	T2-videos-e-assets-da-demo	frontend/public/demo/vistoria/truck-front.png	-	-	-	69d98bc2
livre	T2-videos-e-assets-da-demo	frontend/public/demo/vistoria/truck-left.png	-	-	-	69d98bc2
livre	T2-videos-e-assets-da-demo	frontend/public/demo/vistoria/truck-right.png	-	-	-	69d98bc2
livre	T2-videos-e-assets-da-demo	frontend/public/demo/vistoria/van-back.png	-	-	-	69d98bc2
livre	T2-videos-e-assets-da-demo	frontend/public/demo/vistoria/van-front.png	-	-	-	69d98bc2
livre	T2-videos-e-assets-da-demo	frontend/public/demo/vistoria/van-left.png	-	-	-	69d98bc2
livre	T2-videos-e-assets-da-demo	frontend/public/demo/vistoria/van-right.png	-	-	-	69d98bc2
livre	T4-precos-backend	src/modules/price-tables/price-table-prisma.repository.ts	-	-	-	9b922f5d
livre	T4-precos-backend	src/modules/price-tables/price-table-resolution.ts	-	-	-	9b922f5d
livre	T4-precos-backend	src/modules/price-tables/price-table.dto.ts	-	-	-	9b922f5d
livre	T4-precos-backend	src/modules/price-tables/price-table.service.ts	-	-	-	9b922f5d
livre	T4-precos-backend	src/modules/price-tables/price-table.types.ts	-	-	-	9b922f5d
livre	T4-precos-web	frontend/tests/price-tables.adapter.test.ts	-	-	-	9b922f5d
livre	T5-web-visual-e-listas	frontend/tests/checklists-models-list.smoke.test.tsx	-	-	-	d4d0f691
livre	T8-app-de-campo	mobile/flutter_app/lib/core/auth/auth_repository.dart	-	-	-	8af07948
livre	T8-app-de-campo	mobile/flutter_app/lib/core/bootstrap/bootstrap_repository.dart	-	-	-	8af07948
livre	T8-app-de-campo	mobile/flutter_app/lib/core/bootstrap/bootstrap_session.dart	-	-	-	8af07948
livre	T8-app-de-campo	mobile/flutter_app/lib/core/diagnostics/diagnostics_screen.dart	-	-	-	8af07948
livre	T8-app-de-campo	mobile/flutter_app/lib/core/evidence/evidence_sync.dart	-	-	-	8af07948
livre	T8-app-de-campo	mobile/flutter_app/lib/core/network/api_error.dart	-	-	-	8af07948
livre	T8-app-de-campo	mobile/flutter_app/lib/core/telemetry/telemetry_sync_service.dart	-	-	-	8af07948
livre	T8-app-de-campo	mobile/flutter_app/lib/features/auth/login_screen.dart	-	-	-	90d82890
livre	T8-app-de-campo	mobile/flutter_app/lib/features/checklists/data/checklist_repository.dart	-	-	-	8af07948
livre	T8-app-de-campo	mobile/flutter_app/lib/features/checklists/domain/checklist_models.dart	-	-	-	8af07948
livre	T8-app-de-campo	mobile/flutter_app/lib/features/checklists/ui/checklist_acknowledgement_screen.dart	-	-	-	8af07948
livre	T8-app-de-campo	mobile/flutter_app/lib/features/checklists/ui/checklist_available_screen.dart	-	-	-	8af07948
livre	T8-app-de-campo	mobile/flutter_app/lib/features/checklists/ui/checklist_comparison_screen.dart	-	-	-	8af07948
livre	T8-app-de-campo	mobile/flutter_app/lib/features/checklists/ui/checklist_damage_map_screen.dart	-	-	-	8af07948
livre	T8-app-de-campo	mobile/flutter_app/lib/features/checklists/ui/checklist_question_renderer.dart	-	-	-	8af07948
livre	T8-app-de-campo	mobile/flutter_app/lib/features/checklists/ui/checklist_run_screen.dart	-	-	-	8af07948
livre	T8-app-de-campo	mobile/flutter_app/lib/features/location/ui/location_consent_screen.dart	-	-	-	8af07948
livre	T8-app-de-campo	mobile/flutter_app/lib/features/work_orders/domain/work_order_conclusion.dart	-	-	-	8af07948
livre	T8-app-de-campo	mobile/flutter_app/lib/features/work_orders/domain/work_order_models.dart	-	-	-	8af07948
livre	T8-app-de-campo	mobile/flutter_app/test/core/auth/auth_repository_test.dart	-	-	-	8af07948
livre	T8-app-de-campo	mobile/flutter_app/test/core/evidence_sync_test.dart	-	-	-	8af07948
livre	T8-app-de-campo	mobile/flutter_app/test/core/local_db/drift_stores_test.dart	-	-	-	8af07948
livre	T8-app-de-campo	mobile/flutter_app/test/core/resolvers_test.dart	-	-	-	8af07948
livre	T8-app-de-campo	mobile/flutter_app/test/features/b083_polish_test.dart	-	-	-	8af07948
livre	T8-app-de-campo	mobile/flutter_app/test/features/b084_home_stats_test.dart	-	-	-	8af07948
livre	T8-app-de-campo	mobile/flutter_app/test/features/b085_checklist_foundation_test.dart	-	-	-	8af07948
livre	T8-app-de-campo	mobile/flutter_app/test/features/b086_inventory_foundation_test.dart	-	-	-	8af07948
livre	T8-app-de-campo	mobile/flutter_app/test/features/b087_checklist_persistence_test.dart	-	-	-	8af07948
livre	T8-app-de-campo	mobile/flutter_app/test/features/b088_checklist_sync_replay_test.dart	-	-	-	8af07948
livre	T8-app-de-campo	mobile/flutter_app/test/features/b089_auth_http_checklist_test.dart	-	-	-	8af07948
livre	T8-app-de-campo	mobile/flutter_app/test/features/b090b_offline_auto_sync_test.dart	-	-	-	8af07948
livre	T8-app-de-campo	mobile/flutter_app/test/features/b091_connectivity_profile_test.dart	-	-	-	8af07948
livre	T8-app-de-campo	mobile/flutter_app/test/features/b092_os_checklist_completion_test.dart	-	-	-	8af07948
livre	T8-app-de-campo	mobile/flutter_app/test/features/b093_evidence_camera_gallery_test.dart	-	-	-	8af07948
livre	T8-app-de-campo	mobile/flutter_app/test/features/b097_mvp_stabilization_test.dart	-	-	-	8af07948
livre	T8-app-de-campo	mobile/flutter_app/test/features/b098_real_auth_bootstrap_test.dart	-	-	-	8af07948
livre	T8-app-de-campo	mobile/flutter_app/test/features/b098b_expanded_bootstrap_test.dart	-	-	-	8af07948
livre	T8-app-de-campo	mobile/flutter_app/test/features/b100_checklist_remote_templates_test.dart	-	-	-	8af07948
livre	T8-app-de-campo	mobile/flutter_app/test/features/b102_checklist_answers_sync_test.dart	-	-	-	8af07948
livre	T8-app-de-campo	mobile/flutter_app/test/features/b103_work_order_sync_test.dart	-	-	-	8af07948
livre	T8-app-de-campo	mobile/flutter_app/test/features/b104_evidence_real_upload_test.dart	-	-	-	8af07948
livre	T8-app-de-campo	mobile/flutter_app/test/features/b105_gps_operational_map_test.dart	-	-	-	8af07948
livre	T8-app-de-campo	mobile/flutter_app/test/features/b106_native_gps_permissions_test.dart	-	-	-	8af07948
livre	T8-app-de-campo	mobile/flutter_app/test/features/b107_work_order_remote_create_conflicts_test.dart	-	-	-	8af07948
livre	T8-app-de-campo	mobile/flutter_app/test/features/b108_evidence_storage_hardening_test.dart	-	-	-	8af07948
livre	T8-app-de-campo	mobile/flutter_app/test/features/b109_approval_state_regression_test.dart	-	-	-	8af07948
livre	T8-app-de-campo	mobile/flutter_app/test/features/b113_home_approvals_banner_test.dart	-	-	-	8af07948
livre	T8-app-de-campo	mobile/flutter_app/test/features/b122_sync_conflict_test.dart	-	-	-	8af07948
livre	T8-app-de-campo	mobile/flutter_app/test/features/checklists/b117_signature_test.dart	-	-	-	8af07948
livre	T8-app-de-campo	mobile/flutter_app/test/features/checklists/b118_delivery_checklist_test.dart	-	-	-	8af07948
livre	T8-app-de-campo	mobile/flutter_app/test/features/checklists/b123_kind_unknown_guard_test.dart	-	-	-	8af07948
livre	T8-app-de-campo	mobile/flutter_app/test/features/checklists/pr_b_dispatch_run_download_test.dart	-	-	-	8af07948
livre	T8-app-de-campo	mobile/flutter_app/test/features/checklists/pr_b_junta_fixes_test.dart	-	-	-	8af07948
livre	T8-app-de-campo	mobile/flutter_app/test/features/expenses/expense_persistence_test.dart	-	-	-	8af07948
livre	T8-app-de-campo	mobile/flutter_app/test/features/expenses/expense_screens_test.dart	-	-	-	8af07948
livre	T8-app-de-campo	mobile/flutter_app/test/features/location/b121_location_consent_test.dart	-	-	-	8af07948
livre	T8-app-de-campo	mobile/flutter_app/test/features/prestador/b119_prestador_flow_test.dart	-	-	-	8af07948
livre	T8-app-de-campo	mobile/flutter_app/test/features/telemetry/telemetry_test.dart	-	-	-	8af07948
livre	T8-app-de-campo	mobile/flutter_app/test/features/work_orders/b114_work_order_list_badges_test.dart	-	-	-	8af07948
livre	T8-app-de-campo	mobile/flutter_app/test/features/work_orders/b115_checkin_flow_test.dart	-	-	-	8af07948
livre	T8-app-de-campo	mobile/flutter_app/test/features/work_orders/b116_execution_stepper_test.dart	-	-	-	8af07948
livre	T8-app-de-campo	mobile/flutter_app/test/features/work_orders/b120_conclusion_test.dart	-	-	-	8af07948
livre	T8-app-de-campo	mobile/flutter_app/test/features/work_orders/b125_customer_data_test.dart	-	-	-	8af07948
livre	T8-app-de-campo	mobile/flutter_app/test/features/work_orders/b127_timeline_remota_test.dart	-	-	-	8af07948
livre	T8-app-de-campo	mobile/flutter_app/test/features/work_orders/sticky_bar_tema_real_test.dart	-	-	-	8af07948
livre	T8-app-de-campo	mobile/flutter_app/test/features/work_orders/vocabulario_backend_test.dart	-	-	-	8af07948
livre	T8-app-de-campo	mobile/flutter_app/test/features/work_orders/work_order_test.dart	-	-	-	8af07948
livre	T8-app-de-campo	mobile/flutter_app/test/home_screen_test.dart	-	-	-	8af07948
